Workbook

Sheet 3 - Giá Bán Đề Xuất
A1: BẢNG GIÁ BÁN ĐỀ XUẤT — TỰ ĐỘNG TÍNH THEO % LỢI NHUẬN
A2: Phí ship (VNĐ): | D2: 8000 | E2: Lợi nhuận mục tiêu: | H2: 0.48 | I2: ← Chỉnh 2 ô vàng
A3: CAO 50 CM | I3: CAO 70 CM | Q3: CAO 90 CM
B4: Dài | C4: Sâu 30 | D4: Sâu 35 | E4: Sâu 40 | F4: Sâu 45 | G4: Sâu 50 | J4: Dài | K4: Sâu 30 | L4: Sâu 35 | M4: Sâu 40 | N4: Sâu 45 | O4: Sâu 50 | R4: Dài | S4: Sâu 30 | T4: Sâu 35 | U4: Sâu 40 | V4: Sâu 45 | W4: Sâu 50
B5: 40 | C5: =IF(ISNUMBER('[1]2 - Quy đổi VNĐ'!C7),('[1]2 - Quy đổi VNĐ'!C7+'3 - Giá Bán Đề Xuất'!$D$2)/(1-'3 - Giá Bán Đề Xuất'!$H$2),"") | D5: =IF(ISNUMBER('[1]2 - Quy đổi VNĐ'!D7),('[1]2 - Quy đổi VNĐ'!D7+'3 - Giá Bán Đề Xuất'!$D$2)/(1-'3 - Giá Bán Đề Xuất'!$H$2),"") | E5: =IF(ISNUMBER('[1]2 - Quy đổi VNĐ'!E7),('[1]2 - Quy đổi VNĐ'!E7+'3 - Giá Bán Đề Xuất'!$D$2)/(1-'3 - Giá Bán Đề Xuất'!$H$2),"") | F5: =IF(ISNUMBER('[1]2 - Quy đổi VNĐ'!F7),('[1]2 - Quy đổi VNĐ'!F7+'3 - Giá Bán Đề Xuất'!$D$2)/(1-'3 - Giá Bán Đề Xuất'!$H$2),"") | G5: =IF(ISNUMBER('[1]2 - Quy đổi VNĐ'!G7),('[1]2 - Quy đổi VNĐ'!G7+'3 - Giá Bán Đề Xuất'!$D$2)/(1-'3 - Giá Bán Đề Xuất'!$H$2),"") | J5: 40 | K5: =IF(ISNUMBER('[1]2 - Quy đổi VNĐ'!K7),('[1]2 - Quy đổi VNĐ'!K7+'3 - Giá Bán Đề Xuất'!$D$2)/(1-'3 - Giá Bán Đề Xuất'!$H$2),"") | L5: =IF(ISNUMBER('[1]2 - Quy đổi VNĐ'!L7),('[1]2 - Quy đổi VNĐ'!L7+'3 - Giá Bán Đề Xuất'!$D$2)/(1-'3 - Giá Bán Đề Xuất'!$H$2),"") | M5: =IF(ISNUMBER('[1]2 - Quy đổi VNĐ'!M7),('[1]2 - Quy đổi VNĐ'!M7+'3 - Giá Bán Đề Xuất'!$D$2)/(1-'3 - Giá Bán Đề Xuất'!$H$2),"") | N5: =IF(ISNUMBER('[1]2 - Quy đổi VNĐ'!N7),('[1]2 - Quy đổi VNĐ'!N7+'3 - Giá Bán Đề Xuất'!$D$2)/(1-'3 - Giá Bán Đề Xuất'!$H$2),"") | O5: =IF(ISNUMBER('[1]2 - Quy đổi VNĐ'!O7),('[1]2 - Quy đổi VNĐ'!O7+'3 - Giá Bán Đề Xuất'!$D$2)/(1-'3 - Giá Bán Đề Xuất'!$H$2),"") | R5: 40 | S5: =IF(ISNUMBER('[1]2 - Quy đổi VNĐ'!S7),('[1]2 - Quy đổi VNĐ'!S7+'3 - Giá Bán Đề Xuất'!$D$2)/(1-'3 - Giá Bán Đề Xuất'!$H$2),"") -> 594400 | T5: =IF(ISNUMBER('[1]2 - Quy đổi VNĐ'!T7),('[1]2 - Quy đổi VNĐ'!T7+'3 - Giá Bán Đề Xuất'!$D$2)/(1-'3 - Giá Bán Đề Xuất'!$H$2),"") -> 694384.62 | U5: =IF(ISNUMBER('[1]2 - Quy đổi VNĐ'!U7),('[1]2 - Quy đổi VNĐ'!U7+'3 - Giá Bán Đề Xuất'!$D$2)/(1-'3 - Giá Bán Đề Xuất'!$H$2),"") -> 686923.08 | V5: =IF(ISNUMBER('[1]2 - Quy đổi VNĐ'!V7),('[1]2 - Quy đổi VNĐ'!V7+'3 - Giá Bán Đề Xuất'!$D$2)/(1-'3 - Giá Bán Đề Xuất'!$H$2),"") -> 1164461.5 | W5: =IF(ISNUMBER('[1]2 - Quy đổi VNĐ'!W7),('[1]2 - Quy đổi VNĐ'!W7+'3 - Giá Bán Đề Xuất'!$D$2)/(1-'3 - Giá Bán Đề Xuất'!$H$2),"") -> 1313692.3
B6: 50 | C6: =IF(ISNUMBER('[1]2 - Quy đổi VNĐ'!C8),('[1]2 - Quy đổi VNĐ'!C8+'3 - Giá Bán Đề Xuất'!$D$2)/(1-'3 - Giá Bán Đề Xuất'!$H$2),"") | D6: =IF(ISNUMBER('[1]2 - Quy đổi VNĐ'!D8),('[1]2 - Quy đổi VNĐ'!D8+'3 - Giá Bán Đề Xuất'!$D$2)/(1-'3 - Giá Bán Đề Xuất'!$H$2),"") | E6: =IF(ISNUMBER('[1]2 - Quy đổi VNĐ'!E8),('[1]2 - Quy đổi VNĐ'!E8+'3 - Giá Bán Đề Xuất'!$D$2)/(1-'3 - Giá Bán Đề Xuất'!$H$2),"") | F6: =IF(ISNUMBER('[1]2 - Quy đổi VNĐ'!F8),('[1]2 - Quy đổi VNĐ'!F8+'3 - Giá Bán Đề Xuất'!$D$2)/(1-'3 - Giá Bán Đề Xuất'!$H$2),"") | G6: =IF(ISNUMBER('[1]2 - Quy đổi VNĐ'!G8),('[1]2 - Quy đổi VNĐ'!G8+'3 - Giá Bán Đề Xuất'!$D$2)/(1-'3 - Giá Bán Đề Xuất'!$H$2),"") | J6: 50 | K6: =IF(ISNUMBER('[1]2 - Quy đổi VNĐ'!K8),('[1]2 - Quy đổi VNĐ'!K8+'3 - Giá Bán Đề Xuất'!$D$2)/(1-'3 - Giá Bán Đề Xuất'!$H$2),"") | L6: =IF(ISNUMBER('[1]2 - Quy đổi VNĐ'!L8),('[1]2 - Quy đổi VNĐ'!L8+'3 - Giá Bán Đề Xuất'!$D$2)/(1-'3 - Giá Bán Đề Xuất'!$H$2),"") | M6: =IF(ISNUMBER('[1]2 - Quy đổi VNĐ'!M8),('[1]2 - Quy đổi VNĐ'!M8+'3 - Giá Bán Đề Xuất'!$D$2)/(1-'3 - Giá Bán Đề Xuất'!$H$2),"") | N6: =IF(ISNUMBER('[1]2 - Quy đổi VNĐ'!N8),('[1]2 - Quy đổi VNĐ'!N8+'3 - Giá Bán Đề Xuất'!$D$2)/(1-'3 - Giá Bán Đề Xuất'!$H$2),"") | O6: =IF(ISNUMBER('[1]2 - Quy đổi VNĐ'!O8),('[1]2 - Quy đổi VNĐ'!O8+'3 - Giá Bán Đề Xuất'!$D$2)/(1-'3 - Giá Bán Đề Xuất'!$H$2),"") | R6: 50 | S6: =IF(ISNUMBER('[1]2 - Quy đổi VNĐ'!S8),('[1]2 - Quy đổi VNĐ'!S8+'3 - Giá Bán Đề Xuất'!$D$2)/(1-'3 - Giá Bán Đề Xuất'!$H$2),"") -> 642153.85 | T6: =IF(ISNUMBER('[1]2 - Quy đổi VNĐ'!T8),('[1]2 - Quy đổi VNĐ'!T8+'3 - Giá Bán Đề Xuất'!$D$2)/(1-'3 - Giá Bán Đề Xuất'!$H$2),"") -> 701846.15 | U6: =IF(ISNUMBER('[1]2 - Quy đổi VNĐ'!U8),('[1]2 - Quy đổi VNĐ'!U8+'3 - Giá Bán Đề Xuất'!$D$2)/(1-'3 - Giá Bán Đề Xuất'!$H$2),"") -> 739153.85 | V6: =IF(ISNUMBER('[1]2 - Quy đổi VNĐ'!V8),('[1]2 - Quy đổi VNĐ'!V8+'3 - Giá Bán Đề Xuất'!$D$2)/(1-'3 - Giá Bán Đề Xuất'!$H$2),"") -> 1171923.1 | W6: =IF(ISNUMBER('[1]2 - Quy đổi VNĐ'!W8),('[1]2 - Quy đổi VNĐ'!W8+'3 - Giá Bán Đề Xuất'!$D$2)/(1-'3 - Giá Bán Đề Xuất'!$H$2),"") -> 1485307.7
B7: 60 | C7: =IF(ISNUMBER('[1]2 - Quy đổi VNĐ'!C9),('[1]2 - Quy đổi VNĐ'!C9+'3 - Giá Bán Đề Xuất'!$D$2)/(1-'3 - Giá Bán Đề Xuất'!$H$2),"") | D7: =IF(ISNUMBER('[1]2 - Quy đổi VNĐ'!D9),('[1]2 - Quy đổi VNĐ'!D9+'3 - Giá Bán Đề Xuất'!$D$2)/(1-'3 - Giá Bán Đề Xuất'!$H$2),"") | E7: =IF(ISNUMBER('[1]2 - Quy đổi VNĐ'!E9),('[1]2 - Quy đổi VNĐ'!E9+'3 - Giá Bán Đề Xuất'!$D$2)/(1-'3 - Giá Bán Đề Xuất'!$H$2),"") | F7: =IF(ISNUMBER('[1]2 - Quy đổi VNĐ'!F9),('[1]2 - Quy đổi VNĐ'!F9+'3 - Giá Bán Đề Xuất'!$D$2)/(1-'3 - Giá Bán Đề Xuất'!$H$2),"") | G7: =IF(ISNUMBER('[1]2 - Quy đổi VNĐ'!G9),('[1]2 - Quy đổi VNĐ'!G9+'3 - Giá Bán Đề Xuất'!$D$2)/(1-'3 - Giá Bán Đề Xuất'!$H$2),"") | J7: 60 | K7: =IF(ISNUMBER('[1]2 - Quy đổi VNĐ'!K9),('[1]2 - Quy đổi VNĐ'!K9+'3 - Giá Bán Đề Xuất'!$D$2)/(1-'3 - Giá Bán Đề Xuất'!$H$2),"") | L7: =IF(ISNUMBER('[1]2 - Quy đổi VNĐ'!L9),('[1]2 - Quy đổi VNĐ'!L9+'3 - Giá Bán Đề Xuất'!$D$2)/(1-'3 - Giá Bán Đề Xuất'!$H$2),"") | M7: =IF(ISNUMBER('[1]2 - Quy đổi VNĐ'!M9),('[1]2 - Quy đổi VNĐ'!M9+'3 - Giá Bán Đề Xuất'!$D$2)/(1-'3 - Giá Bán Đề Xuất'!$H$2),"") | N7: =IF(ISNUMBER('[1]2 - Quy đổi VNĐ'!N9),('[1]2 - Quy đổi VNĐ'!N9+'3 - Giá Bán Đề Xuất'!$D$2)/(1-'3 - Giá Bán Đề Xuất'!$H$2),"") | O7: =IF(ISNUMBER('[1]2 - Quy đổi VNĐ'!O9),('[1]2 - Quy đổi VNĐ'!O9+'3 - Giá Bán Đề Xuất'!$D$2)/(1-'3 - Giá Bán Đề Xuất'!$H$2),"") | R7: 60 | S7: =IF(ISNUMBER('[1]2 - Quy đổi VNĐ'!S9),('[1]2 - Quy đổi VNĐ'!S9+'3 - Giá Bán Đề Xuất'!$D$2)/(1-'3 - Giá Bán Đề Xuất'!$H$2),"") -> 694384.62 | T7: =IF(ISNUMBER('[1]2 - Quy đổi VNĐ'!T9),('[1]2 - Quy đổi VNĐ'!T9+'3 - Giá Bán Đề Xuất'!$D$2)/(1-'3 - Giá Bán Đề Xuất'!$H$2),"") -> 761538.46 | U7: =IF(ISNUMBER('[1]2 - Quy đổi VNĐ'!U9),('[1]2 - Quy đổi VNĐ'!U9+'3 - Giá Bán Đề Xuất'!$D$2)/(1-'3 - Giá Bán Đề Xuất'!$H$2),"") -> 813769.23 | V7: =IF(ISNUMBER('[1]2 - Quy đổi VNĐ'!V9),('[1]2 - Quy đổi VNĐ'!V9+'3 - Giá Bán Đề Xuất'!$D$2)/(1-'3 - Giá Bán Đề Xuất'!$H$2),"") -> 1276384.6 | W7: =IF(ISNUMBER('[1]2 - Quy đổi VNĐ'!W9),('[1]2 - Quy đổi VNĐ'!W9+'3 - Giá Bán Đề Xuất'!$D$2)/(1-'3 - Giá Bán Đề Xuất'!$H$2),"") -> 1679307.7
B8: 70 | C8: =IF(ISNUMBER('[1]2 - Quy đổi VNĐ'!C10),('[1]2 - Quy đổi VNĐ'!C10+'3 - Giá Bán Đề Xuất'!$D$2)/(1-'3 - Giá Bán Đề Xuất'!$H$2),"") | D8: =IF(ISNUMBER('[1]2 - Quy đổi VNĐ'!D10),('[1]2 - Quy đổi VNĐ'!D10+'3 - Giá Bán Đề Xuất'!$D$2)/(1-'3 - Giá Bán Đề Xuất'!$H$2),"") | E8: =IF(ISNUMBER('[1]2 - Quy đổi VNĐ'!E10),('[1]2 - Quy đổi VNĐ'!E10+'3 - Giá Bán Đề Xuất'!$D$2)/(1-'3 - Giá Bán Đề Xuất'!$H$2),"") | F8: =IF(ISNUMBER('[1]2 - Quy đổi VNĐ'!F10),('[1]2 - Quy đổi VNĐ'!F10+'3 - Giá Bán Đề Xuất'!$D$2)/(1-'3 - Giá Bán Đề Xuất'!$H$2),"") | G8: =IF(ISNUMBER('[1]2 - Quy đổi VNĐ'!G10),('[1]2 - Quy đổi VNĐ'!G10+'3 - Giá Bán Đề Xuất'!$D$2)/(1-'3 - Giá Bán Đề Xuất'!$H$2),"") | J8: 70 | K8: =IF(ISNUMBER('[1]2 - Quy đổi VNĐ'!K10),('[1]2 - Quy đổi VNĐ'!K10+'3 - Giá Bán Đề Xuất'!$D$2)/(1-'3 - Giá Bán Đề Xuất'!$H$2),"") | L8: =IF(ISNUMBER('[1]2 - Quy đổi VNĐ'!L10),('[1]2 - Quy đổi VNĐ'!L10+'3 - Giá Bán Đề Xuất'!$D$2)/(1-'3 - Giá Bán Đề Xuất'!$H$2),"") | M8: =IF(ISNUMBER('[1]2 - Quy đổi VNĐ'!M10),('[1]2 - Quy đổi VNĐ'!M10+'3 - Giá Bán Đề Xuất'!$D$2)/(1-'3 - Giá Bán Đề Xuất'!$H$2),"") | N8: =IF(ISNUMBER('[1]2 - Quy đổi VNĐ'!N10),('[1]2 - Quy đổi VNĐ'!N10+'3 - Giá Bán Đề Xuất'!$D$2)/(1-'3 - Giá Bán Đề Xuất'!$H$2),"") | O8: =IF(ISNUMBER('[1]2 - Quy đổi VNĐ'!O10),('[1]2 - Quy đổi VNĐ'!O10+'3 - Giá Bán Đề Xuất'!$D$2)/(1-'3 - Giá Bán Đề Xuất'!$H$2),"") | R8: 70 | S8: =IF(ISNUMBER('[1]2 - Quy đổi VNĐ'!S10),('[1]2 - Quy đổi VNĐ'!S10+'3 - Giá Bán Đề Xuất'!$D$2)/(1-'3 - Giá Bán Đề Xuất'!$H$2),"") -> 739153.85 | T8: =IF(ISNUMBER('[1]2 - Quy đổi VNĐ'!T10),('[1]2 - Quy đổi VNĐ'!T10+'3 - Giá Bán Đề Xuất'!$D$2)/(1-'3 - Giá Bán Đề Xuất'!$H$2),"") -> 813769.23 | U8: =IF(ISNUMBER('[1]2 - Quy đổi VNĐ'!U10),('[1]2 - Quy đổi VNĐ'!U10+'3 - Giá Bán Đề Xuất'!$D$2)/(1-'3 - Giá Bán Đề Xuất'!$H$2),"") -> 858538.46 | V8: =IF(ISNUMBER('[1]2 - Quy đổi VNĐ'!V10),('[1]2 - Quy đổi VNĐ'!V10+'3 - Giá Bán Đề Xuất'!$D$2)/(1-'3 - Giá Bán Đề Xuất'!$H$2),"") -> 1261461.5 | W8: =IF(ISNUMBER('[1]2 - Quy đổi VNĐ'!W10),('[1]2 - Quy đổi VNĐ'!W10+'3 - Giá Bán Đề Xuất'!$D$2)/(1-'3 - Giá Bán Đề Xuất'!$H$2),"") -> 1813615.4
B9: 80 | C9: =IF(ISNUMBER('[1]2 - Quy đổi VNĐ'!C11),('[1]2 - Quy đổi VNĐ'!C11+'3 - Giá Bán Đề Xuất'!$D$2)/(1-'3 - Giá Bán Đề Xuất'!$H$2),"") | D9: =IF(ISNUMBER('[1]2 - Quy đổi VNĐ'!D11),('[1]2 - Quy đổi VNĐ'!D11+'3 - Giá Bán Đề Xuất'!$D$2)/(1-'3 - Giá Bán Đề Xuất'!$H$2),"") | E9: =IF(ISNUMBER('[1]2 - Quy đổi VNĐ'!E11),('[1]2 - Quy đổi VNĐ'!E11+'3 - Giá Bán Đề Xuất'!$D$2)/(1-'3 - Giá Bán Đề Xuất'!$H$2),"") | F9: =IF(ISNUMBER('[1]2 - Quy đổi VNĐ'!F11),('[1]2 - Quy đổi VNĐ'!F11+'3 - Giá Bán Đề Xuất'!$D$2)/(1-'3 - Giá Bán Đề Xuất'!$H$2),"") | G9: =IF(ISNUMBER('[1]2 - Quy đổi VNĐ'!G11),('[1]2 - Quy đổi VNĐ'!G11+'3 - Giá Bán Đề Xuất'!$D$2)/(1-'3 - Giá Bán Đề Xuất'!$H$2),"") | J9: 80 | K9: =IF(ISNUMBER('[1]2 - Quy đổi VNĐ'!K11),('[1]2 - Quy đổi VNĐ'!K11+'3 - Giá Bán Đề Xuất'!$D$2)/(1-'3 - Giá Bán Đề Xuất'!$H$2),"") | L9: =IF(ISNUMBER('[1]2 - Quy đổi VNĐ'!L11),('[1]2 - Quy đổi VNĐ'!L11+'3 - Giá Bán Đề Xuất'!$D$2)/(1-'3 - Giá Bán Đề Xuất'!$H$2),"") | M9: =IF(ISNUMBER('[1]2 - Quy đổi VNĐ'!M11),('[1]2 - Quy đổi VNĐ'!M11+'3 - Giá Bán Đề Xuất'!$D$2)/(1-'3 - Giá Bán Đề Xuất'!$H$2),"") | N9: =IF(ISNUMBER('[1]2 - Quy đổi VNĐ'!N11),('[1]2 - Quy đổi VNĐ'!N11+'3 - Giá Bán Đề Xuất'!$D$2)/(1-'3 - Giá Bán Đề Xuất'!$H$2),"") | O9: =IF(ISNUMBER('[1]2 - Quy đổi VNĐ'!O11),('[1]2 - Quy đổi VNĐ'!O11+'3 - Giá Bán Đề Xuất'!$D$2)/(1-'3 - Giá Bán Đề Xuất'!$H$2),"") | R9: 80 | S9: =IF(ISNUMBER('[1]2 - Quy đổi VNĐ'!S11),('[1]2 - Quy đổi VNĐ'!S11+'3 - Giá Bán Đề Xuất'!$D$2)/(1-'3 - Giá Bán Đề Xuất'!$H$2),"") -> 1112230.8 | T9: =IF(ISNUMBER('[1]2 - Quy đổi VNĐ'!T11),('[1]2 - Quy đổi VNĐ'!T11+'3 - Giá Bán Đề Xuất'!$D$2)/(1-'3 - Giá Bán Đề Xuất'!$H$2),"") -> 1224153.8 | U9: =IF(ISNUMBER('[1]2 - Quy đổi VNĐ'!U11),('[1]2 - Quy đổi VNĐ'!U11+'3 - Giá Bán Đề Xuất'!$D$2)/(1-'3 - Giá Bán Đề Xuất'!$H$2),"") -> 1142076.9 | V9: =IF(ISNUMBER('[1]2 - Quy đổi VNĐ'!V11),('[1]2 - Quy đổi VNĐ'!V11+'3 - Giá Bán Đề Xuất'!$D$2)/(1-'3 - Giá Bán Đề Xuất'!$H$2),"") -> 1530076.9 | W9: =IF(ISNUMBER('[1]2 - Quy đổi VNĐ'!W11),('[1]2 - Quy đổi VNĐ'!W11+'3 - Giá Bán Đề Xuất'!$D$2)/(1-'3 - Giá Bán Đề Xuất'!$H$2),"") -> 2127000
B10: 90 | C10: =IF(ISNUMBER('[1]2 - Quy đổi VNĐ'!C12),('[1]2 - Quy đổi VNĐ'!C12+'3 - Giá Bán Đề Xuất'!$D$2)/(1-'3 - Giá Bán Đề Xuất'!$H$2),"") | D10: =IF(ISNUMBER('[1]2 - Quy đổi VNĐ'!D12),('[1]2 - Quy đổi VNĐ'!D12+'3 - Giá Bán Đề Xuất'!$D$2)/(1-'3 - Giá Bán Đề Xuất'!$H$2),"") | E10: =IF(ISNUMBER('[1]2 - Quy đổi VNĐ'!E12),('[1]2 - Quy đổi VNĐ'!E12+'3 - Giá Bán Đề Xuất'!$D$2)/(1-'3 - Giá Bán Đề Xuất'!$H$2),"") | F10: =IF(ISNUMBER('[1]2 - Quy đổi VNĐ'!F12),('[1]2 - Quy đổi VNĐ'!F12+'3 - Giá Bán Đề Xuất'!$D$2)/(1-'3 - Giá Bán Đề Xuất'!$H$2),"") | G10: =IF(ISNUMBER('[1]2 - Quy đổi VNĐ'!G12),('[1]2 - Quy đổi VNĐ'!G12+'3 - Giá Bán Đề Xuất'!$D$2)/(1-'3 - Giá Bán Đề Xuất'!$H$2),"") | J10: 90 | K10: =IF(ISNUMBER('[1]2 - Quy đổi VNĐ'!K12),('[1]2 - Quy đổi VNĐ'!K12+'3 - Giá Bán Đề Xuất'!$D$2)/(1-'3 - Giá Bán Đề Xuất'!$H$2),"") | L10: =IF(ISNUMBER('[1]2 - Quy đổi VNĐ'!L12),('[1]2 - Quy đổi VNĐ'!L12+'3 - Giá Bán Đề Xuất'!$D$2)/(1-'3 - Giá Bán Đề Xuất'!$H$2),"") | M10: =IF(ISNUMBER('[1]2 - Quy đổi VNĐ'!M12),('[1]2 - Quy đổi VNĐ'!M12+'3 - Giá Bán Đề Xuất'!$D$2)/(1-'3 - Giá Bán Đề Xuất'!$H$2),"") | N10: =IF(ISNUMBER('[1]2 - Quy đổi VNĐ'!N12),('[1]2 - Quy đổi VNĐ'!N12+'3 - Giá Bán Đề Xuất'!$D$2)/(1-'3 - Giá Bán Đề Xuất'!$H$2),"") | O10: =IF(ISNUMBER('[1]2 - Quy đổi VNĐ'!O12),('[1]2 - Quy đổi VNĐ'!O12+'3 - Giá Bán Đề Xuất'!$D$2)/(1-'3 - Giá Bán Đề Xuất'!$H$2),"") | R10: 90 | S10: =IF(ISNUMBER('[1]2 - Quy đổi VNĐ'!S12),('[1]2 - Quy đổi VNĐ'!S12+'3 - Giá Bán Đề Xuất'!$D$2)/(1-'3 - Giá Bán Đề Xuất'!$H$2),"") -> 1224153.8 | T10: =IF(ISNUMBER('[1]2 - Quy đổi VNĐ'!T12),('[1]2 - Quy đổi VNĐ'!T12+'3 - Giá Bán Đề Xuất'!$D$2)/(1-'3 - Giá Bán Đề Xuất'!$H$2),"") -> 1343538.5 | U10: =IF(ISNUMBER('[1]2 - Quy đổi VNĐ'!U12),('[1]2 - Quy đổi VNĐ'!U12+'3 - Giá Bán Đề Xuất'!$D$2)/(1-'3 - Giá Bán Đề Xuất'!$H$2),"") -> 1261461.5 | V10: =IF(ISNUMBER('[1]2 - Quy đổi VNĐ'!V12),('[1]2 - Quy đổi VNĐ'!V12+'3 - Giá Bán Đề Xuất'!$D$2)/(1-'3 - Giá Bán Đề Xuất'!$H$2),"") -> 1552461.5 | W10: =IF(ISNUMBER('[1]2 - Quy đổi VNĐ'!W12),('[1]2 - Quy đổi VNĐ'!W12+'3 - Giá Bán Đề Xuất'!$D$2)/(1-'3 - Giá Bán Đề Xuất'!$H$2),"") -> 2373230.8
B11: 100 | C11: =IF(ISNUMBER('[1]2 - Quy đổi VNĐ'!C13),('[1]2 - Quy đổi VNĐ'!C13+'3 - Giá Bán Đề Xuất'!$D$2)/(1-'3 - Giá Bán Đề Xuất'!$H$2),"") | D11: =IF(ISNUMBER('[1]2 - Quy đổi VNĐ'!D13),('[1]2 - Quy đổi VNĐ'!D13+'3 - Giá Bán Đề Xuất'!$D$2)/(1-'3 - Giá Bán Đề Xuất'!$H$2),"") | E11: =IF(ISNUMBER('[1]2 - Quy đổi VNĐ'!E13),('[1]2 - Quy đổi VNĐ'!E13+'3 - Giá Bán Đề Xuất'!$D$2)/(1-'3 - Giá Bán Đề Xuất'!$H$2),"") | F11: =IF(ISNUMBER('[1]2 - Quy đổi VNĐ'!F13),('[1]2 - Quy đổi VNĐ'!F13+'3 - Giá Bán Đề Xuất'!$D$2)/(1-'3 - Giá Bán Đề Xuất'!$H$2),"") | G11: =IF(ISNUMBER('[1]2 - Quy đổi VNĐ'!G13),('[1]2 - Quy đổi VNĐ'!G13+'3 - Giá Bán Đề Xuất'!$D$2)/(1-'3 - Giá Bán Đề Xuất'!$H$2),"") | J11: 100 | K11: =IF(ISNUMBER('[1]2 - Quy đổi VNĐ'!K13),('[1]2 - Quy đổi VNĐ'!K13+'3 - Giá Bán Đề Xuất'!$D$2)/(1-'3 - Giá Bán Đề Xuất'!$H$2),"") | L11: =IF(ISNUMBER('[1]2 - Quy đổi VNĐ'!L13),('[1]2 - Quy đổi VNĐ'!L13+'3 - Giá Bán Đề Xuất'!$D$2)/(1-'3 - Giá Bán Đề Xuất'!$H$2),"") | M11: =IF(ISNUMBER('[1]2 - Quy đổi VNĐ'!M13),('[1]2 - Quy đổi VNĐ'!M13+'3 - Giá Bán Đề Xuất'!$D$2)/(1-'3 - Giá Bán Đề Xuất'!$H$2),"") | N11: =IF(ISNUMBER('[1]2 - Quy đổi VNĐ'!N13),('[1]2 - Quy đổi VNĐ'!N13+'3 - Giá Bán Đề Xuất'!$D$2)/(1-'3 - Giá Bán Đề Xuất'!$H$2),"") | O11: =IF(ISNUMBER('[1]2 - Quy đổi VNĐ'!O13),('[1]2 - Quy đổi VNĐ'!O13+'3 - Giá Bán Đề Xuất'!$D$2)/(1-'3 - Giá Bán Đề Xuất'!$H$2),"") | R11: 100 | S11: =IF(ISNUMBER('[1]2 - Quy đổi VNĐ'!S13),('[1]2 - Quy đổi VNĐ'!S13+'3 - Giá Bán Đề Xuất'!$D$2)/(1-'3 - Giá Bán Đề Xuất'!$H$2),"") | T11: =IF(ISNUMBER('[1]2 - Quy đổi VNĐ'!T13),('[1]2 - Quy đổi VNĐ'!T13+'3 - Giá Bán Đề Xuất'!$D$2)/(1-'3 - Giá Bán Đề Xuất'!$H$2),"") | U11: =IF(ISNUMBER('[1]2 - Quy đổi VNĐ'!U13),('[1]2 - Quy đổi VNĐ'!U13+'3 - Giá Bán Đề Xuất'!$D$2)/(1-'3 - Giá Bán Đề Xuất'!$H$2),"") | V11: =IF(ISNUMBER('[1]2 - Quy đổi VNĐ'!V13),('[1]2 - Quy đổi VNĐ'!V13+'3 - Giá Bán Đề Xuất'!$D$2)/(1-'3 - Giá Bán Đề Xuất'!$H$2),"") | W11: =IF(ISNUMBER('[1]2 - Quy đổi VNĐ'!W13),('[1]2 - Quy đổi VNĐ'!W13+'3 - Giá Bán Đề Xuất'!$D$2)/(1-'3 - Giá Bán Đề Xuất'!$H$2),"")
A14: CAO 110 CM | I14: CAO 130 CM | Q14: CAO 150 CM
B15: Dài | C15: Sâu 30 | D15: Sâu 35 | E15: Sâu 40 | F15: Sâu 45 | G15: Sâu 50 | J15: Dài | K15: Sâu 30 | L15: Sâu 35 | M15: Sâu 40 | N15: Sâu 45 | O15: Sâu 50 | R15: Dài | S15: Sâu 30 | T15: Sâu 35 | U15: Sâu 40 | V15: Sâu 45 | W15: Sâu 50
B16: 40 | C16: =IF(ISNUMBER('[1]2 - Quy đổi VNĐ'!C18),('[1]2 - Quy đổi VNĐ'!C18+'3 - Giá Bán Đề Xuất'!$D$2)/(1-'3 - Giá Bán Đề Xuất'!$H$2),"") -> 813769.23 | D16: =IF(ISNUMBER('[1]2 - Quy đổi VNĐ'!D18),('[1]2 - Quy đổi VNĐ'!D18+'3 - Giá Bán Đề Xuất'!$D$2)/(1-'3 - Giá Bán Đề Xuất'!$H$2),"") -> 843615.38 | E16: =IF(ISNUMBER('[1]2 - Quy đổi VNĐ'!E18),('[1]2 - Quy đổi VNĐ'!E18+'3 - Giá Bán Đề Xuất'!$D$2)/(1-'3 - Giá Bán Đề Xuất'!$H$2),"") -> 858538.46 | F16: =IF(ISNUMBER('[1]2 - Quy đổi VNĐ'!F18),('[1]2 - Quy đổi VNĐ'!F18+'3 - Giá Bán Đề Xuất'!$D$2)/(1-'3 - Giá Bán Đề Xuất'!$H$2),"") -> 1403230.8 | G16: =IF(ISNUMBER('[1]2 - Quy đổi VNĐ'!G18),('[1]2 - Quy đổi VNĐ'!G18+'3 - Giá Bán Đề Xuất'!$D$2)/(1-'3 - Giá Bán Đề Xuất'!$H$2),"") -> 1619615.4 | J16: 40 | K16: =IF(ISNUMBER('[1]2 - Quy đổi VNĐ'!K18),('[1]2 - Quy đổi VNĐ'!K18+'3 - Giá Bán Đề Xuất'!$D$2)/(1-'3 - Giá Bán Đề Xuất'!$H$2),"") -> 813769.23 | L16: =IF(ISNUMBER('[1]2 - Quy đổi VNĐ'!L18),('[1]2 - Quy đổi VNĐ'!L18+'3 - Giá Bán Đề Xuất'!$D$2)/(1-'3 - Giá Bán Đề Xuất'!$H$2),"") -> 895846.15 | M16: =IF(ISNUMBER('[1]2 - Quy đổi VNĐ'!M18),('[1]2 - Quy đổi VNĐ'!M18+'3 - Giá Bán Đề Xuất'!$D$2)/(1-'3 - Giá Bán Đề Xuất'!$H$2),"") -> 895846.15 | N16: =IF(ISNUMBER('[1]2 - Quy đổi VNĐ'!N18),('[1]2 - Quy đổi VNĐ'!N18+'3 - Giá Bán Đề Xuất'!$D$2)/(1-'3 - Giá Bán Đề Xuất'!$H$2),"") -> 1462923.1 | O16: =IF(ISNUMBER('[1]2 - Quy đổi VNĐ'!O18),('[1]2 - Quy đổi VNĐ'!O18+'3 - Giá Bán Đề Xuất'!$D$2)/(1-'3 - Giá Bán Đề Xuất'!$H$2),"") -> 1843461.5 | R16: 40 | S16: =IF(ISNUMBER('[1]2 - Quy đổi VNĐ'!S18),('[1]2 - Quy đổi VNĐ'!S18+'3 - Giá Bán Đề Xuất'!$D$2)/(1-'3 - Giá Bán Đề Xuất'!$H$2),"") -> 985384.62 | T16: =IF(ISNUMBER('[1]2 - Quy đổi VNĐ'!T18),('[1]2 - Quy đổi VNĐ'!T18+'3 - Giá Bán Đề Xuất'!$D$2)/(1-'3 - Giá Bán Đề Xuất'!$H$2),"") -> 1082384.6 | U16: =IF(ISNUMBER('[1]2 - Quy đổi VNĐ'!U18),('[1]2 - Quy đổi VNĐ'!U18+'3 - Giá Bán Đề Xuất'!$D$2)/(1-'3 - Giá Bán Đề Xuất'!$H$2),"") -> 1074923.1 | V16: =IF(ISNUMBER('[1]2 - Quy đổi VNĐ'!V18),('[1]2 - Quy đổi VNĐ'!V18+'3 - Giá Bán Đề Xuất'!$D$2)/(1-'3 - Giá Bán Đề Xuất'!$H$2),"") -> 1716615.4 | W16: =IF(ISNUMBER('[1]2 - Quy đổi VNĐ'!W18),('[1]2 - Quy đổi VNĐ'!W18+'3 - Giá Bán Đề Xuất'!$D$2)/(1-'3 - Giá Bán Đề Xuất'!$H$2),"") -> 2268769.2
B17: 50 | C17: =IF(ISNUMBER('[1]2 - Quy đổi VNĐ'!C19),('[1]2 - Quy đổi VNĐ'!C19+'3 - Giá Bán Đề Xuất'!$D$2)/(1-'3 - Giá Bán Đề Xuất'!$H$2),"") -> 851076.92 | D17: =IF(ISNUMBER('[1]2 - Quy đổi VNĐ'!D19),('[1]2 - Quy đổi VNĐ'!D19+'3 - Giá Bán Đề Xuất'!$D$2)/(1-'3 - Giá Bán Đề Xuất'!$H$2),"") -> 895846.15 | E17: =IF(ISNUMBER('[1]2 - Quy đổi VNĐ'!E19),('[1]2 - Quy đổi VNĐ'!E19+'3 - Giá Bán Đề Xuất'!$D$2)/(1-'3 - Giá Bán Đề Xuất'!$H$2),"") -> 940615.38 | F17: =IF(ISNUMBER('[1]2 - Quy đổi VNĐ'!F19),('[1]2 - Quy đổi VNĐ'!F19+'3 - Giá Bán Đề Xuất'!$D$2)/(1-'3 - Giá Bán Đề Xuất'!$H$2),"") -> 1403230.8 | G17: =IF(ISNUMBER('[1]2 - Quy đổi VNĐ'!G19),('[1]2 - Quy đổi VNĐ'!G19+'3 - Giá Bán Đề Xuất'!$D$2)/(1-'3 - Giá Bán Đề Xuất'!$H$2),"") -> 1656923.1 | J17: 50 | K17: =IF(ISNUMBER('[1]2 - Quy đổi VNĐ'!K19),('[1]2 - Quy đổi VNĐ'!K19+'3 - Giá Bán Đề Xuất'!$D$2)/(1-'3 - Giá Bán Đề Xuất'!$H$2),"") -> 851076.92 | L17: =IF(ISNUMBER('[1]2 - Quy đổi VNĐ'!L19),('[1]2 - Quy đổi VNĐ'!L19+'3 - Giá Bán Đề Xuất'!$D$2)/(1-'3 - Giá Bán Đề Xuất'!$H$2),"") -> 933153.85 | M17: =IF(ISNUMBER('[1]2 - Quy đổi VNĐ'!M19),('[1]2 - Quy đổi VNĐ'!M19+'3 - Giá Bán Đề Xuất'!$D$2)/(1-'3 - Giá Bán Đề Xuất'!$H$2),"") -> 977923.08 | N17: =IF(ISNUMBER('[1]2 - Quy đổi VNĐ'!N19),('[1]2 - Quy đổi VNĐ'!N19+'3 - Giá Bán Đề Xuất'!$D$2)/(1-'3 - Giá Bán Đề Xuất'!$H$2),"") -> 1470384.6 | O17: =IF(ISNUMBER('[1]2 - Quy đổi VNĐ'!O19),('[1]2 - Quy đổi VNĐ'!O19+'3 - Giá Bán Đề Xuất'!$D$2)/(1-'3 - Giá Bán Đề Xuất'!$H$2),"") -> 1850923.1 | R17: 50 | S17: =IF(ISNUMBER('[1]2 - Quy đổi VNĐ'!S19),('[1]2 - Quy đổi VNĐ'!S19+'3 - Giá Bán Đề Xuất'!$D$2)/(1-'3 - Giá Bán Đề Xuất'!$H$2),"") -> 1030153.8 | T17: =IF(ISNUMBER('[1]2 - Quy đổi VNĐ'!T19),('[1]2 - Quy đổi VNĐ'!T19+'3 - Giá Bán Đề Xuất'!$D$2)/(1-'3 - Giá Bán Đề Xuất'!$H$2),"") -> 1134615.4 | U17: =IF(ISNUMBER('[1]2 - Quy đổi VNĐ'!U19),('[1]2 - Quy đổi VNĐ'!U19+'3 - Giá Bán Đề Xuất'!$D$2)/(1-'3 - Giá Bán Đề Xuất'!$H$2),"") -> 1142076.9 | V17: =IF(ISNUMBER('[1]2 - Quy đổi VNĐ'!V19),('[1]2 - Quy đổi VNĐ'!V19+'3 - Giá Bán Đề Xuất'!$D$2)/(1-'3 - Giá Bán Đề Xuất'!$H$2),"") -> 1746461.5 | W17: =IF(ISNUMBER('[1]2 - Quy đổi VNĐ'!W19),('[1]2 - Quy đổi VNĐ'!W19+'3 - Giá Bán Đề Xuất'!$D$2)/(1-'3 - Giá Bán Đề Xuất'!$H$2),"") -> 2395615.4
B18: 60 | C18: =IF(ISNUMBER('[1]2 - Quy đổi VNĐ'!C20),('[1]2 - Quy đổi VNĐ'!C20+'3 - Giá Bán Đề Xuất'!$D$2)/(1-'3 - Giá Bán Đề Xuất'!$H$2),"") -> 910769.23 | D18: =IF(ISNUMBER('[1]2 - Quy đổi VNĐ'!D20),('[1]2 - Quy đổi VNĐ'!D20+'3 - Giá Bán Đề Xuất'!$D$2)/(1-'3 - Giá Bán Đề Xuất'!$H$2),"") -> 948076.92 | E18: =IF(ISNUMBER('[1]2 - Quy đổi VNĐ'!E20),('[1]2 - Quy đổi VNĐ'!E20+'3 - Giá Bán Đề Xuất'!$D$2)/(1-'3 - Giá Bán Đề Xuất'!$H$2),"") -> 1030153.8 | F18: =IF(ISNUMBER('[1]2 - Quy đổi VNĐ'!F20),('[1]2 - Quy đổi VNĐ'!F20+'3 - Giá Bán Đề Xuất'!$D$2)/(1-'3 - Giá Bán Đề Xuất'!$H$2),"") -> 1559923.1 | G18: =IF(ISNUMBER('[1]2 - Quy đổi VNĐ'!G20),('[1]2 - Quy đổi VNĐ'!G20+'3 - Giá Bán Đề Xuất'!$D$2)/(1-'3 - Giá Bán Đề Xuất'!$H$2),"") -> 1813615.4 | J18: 60 | K18: =IF(ISNUMBER('[1]2 - Quy đổi VNĐ'!K20),('[1]2 - Quy đổi VNĐ'!K20+'3 - Giá Bán Đề Xuất'!$D$2)/(1-'3 - Giá Bán Đề Xuất'!$H$2),"") -> 910769.23 | L18: =IF(ISNUMBER('[1]2 - Quy đổi VNĐ'!L20),('[1]2 - Quy đổi VNĐ'!L20+'3 - Giá Bán Đề Xuất'!$D$2)/(1-'3 - Giá Bán Đề Xuất'!$H$2),"") -> 1000307.7 | M18: =IF(ISNUMBER('[1]2 - Quy đổi VNĐ'!M20),('[1]2 - Quy đổi VNĐ'!M20+'3 - Giá Bán Đề Xuất'!$D$2)/(1-'3 - Giá Bán Đề Xuất'!$H$2),"") -> 1067461.5 | N18: =IF(ISNUMBER('[1]2 - Quy đổi VNĐ'!N20),('[1]2 - Quy đổi VNĐ'!N20+'3 - Giá Bán Đề Xuất'!$D$2)/(1-'3 - Giá Bán Đề Xuất'!$H$2),"") -> 1634538.5 | O18: =IF(ISNUMBER('[1]2 - Quy đổi VNĐ'!O20),('[1]2 - Quy đổi VNĐ'!O20+'3 - Giá Bán Đề Xuất'!$D$2)/(1-'3 - Giá Bán Đề Xuất'!$H$2),"") -> 2052384.6 | R18: 60 | S18: =IF(ISNUMBER('[1]2 - Quy đổi VNĐ'!S20),('[1]2 - Quy đổi VNĐ'!S20+'3 - Giá Bán Đề Xuất'!$D$2)/(1-'3 - Giá Bán Đề Xuất'!$H$2),"") -> 1082384.6 | T18: =IF(ISNUMBER('[1]2 - Quy đổi VNĐ'!T20),('[1]2 - Quy đổi VNĐ'!T20+'3 - Giá Bán Đề Xuất'!$D$2)/(1-'3 - Giá Bán Đề Xuất'!$H$2),"") -> 1186846.2 | U18: =IF(ISNUMBER('[1]2 - Quy đổi VNĐ'!U20),('[1]2 - Quy đổi VNĐ'!U20+'3 - Giá Bán Đề Xuất'!$D$2)/(1-'3 - Giá Bán Đề Xuất'!$H$2),"") -> 1291307.7 | V18: =IF(ISNUMBER('[1]2 - Quy đổi VNĐ'!V20),('[1]2 - Quy đổi VNĐ'!V20+'3 - Giá Bán Đề Xuất'!$D$2)/(1-'3 - Giá Bán Đề Xuất'!$H$2),"") -> 1940461.5 | W18: =IF(ISNUMBER('[1]2 - Quy đổi VNĐ'!W20),('[1]2 - Quy đổi VNĐ'!W20+'3 - Giá Bán Đề Xuất'!$D$2)/(1-'3 - Giá Bán Đề Xuất'!$H$2),"") -> 2641846.2
B19: 70 | C19: =IF(ISNUMBER('[1]2 - Quy đổi VNĐ'!C21),('[1]2 - Quy đổi VNĐ'!C21+'3 - Giá Bán Đề Xuất'!$D$2)/(1-'3 - Giá Bán Đề Xuất'!$H$2),"") -> 977923.08 | D19: =IF(ISNUMBER('[1]2 - Quy đổi VNĐ'!D21),('[1]2 - Quy đổi VNĐ'!D21+'3 - Giá Bán Đề Xuất'!$D$2)/(1-'3 - Giá Bán Đề Xuất'!$H$2),"") -> 1030153.8 | E19: =IF(ISNUMBER('[1]2 - Quy đổi VNĐ'!E21),('[1]2 - Quy đổi VNĐ'!E21+'3 - Giá Bán Đề Xuất'!$D$2)/(1-'3 - Giá Bán Đề Xuất'!$H$2),"") -> 1097307.7 | F19: =IF(ISNUMBER('[1]2 - Quy đổi VNĐ'!F21),('[1]2 - Quy đổi VNĐ'!F21+'3 - Giá Bán Đề Xuất'!$D$2)/(1-'3 - Giá Bán Đề Xuất'!$H$2),"") -> 1574846.2 | G19: =IF(ISNUMBER('[1]2 - Quy đổi VNĐ'!G21),('[1]2 - Quy đổi VNĐ'!G21+'3 - Giá Bán Đề Xuất'!$D$2)/(1-'3 - Giá Bán Đề Xuất'!$H$2),"") -> 1962846.2 | J19: 70 | K19: =IF(ISNUMBER('[1]2 - Quy đổi VNĐ'!K21),('[1]2 - Quy đổi VNĐ'!K21+'3 - Giá Bán Đề Xuất'!$D$2)/(1-'3 - Giá Bán Đề Xuất'!$H$2),"") -> 977923.08 | L19: =IF(ISNUMBER('[1]2 - Quy đổi VNĐ'!L21),('[1]2 - Quy đổi VNĐ'!L21+'3 - Giá Bán Đề Xuất'!$D$2)/(1-'3 - Giá Bán Đề Xuất'!$H$2),"") -> 1074923.1 | M19: =IF(ISNUMBER('[1]2 - Quy đổi VNĐ'!M21),('[1]2 - Quy đổi VNĐ'!M21+'3 - Giá Bán Đề Xuất'!$D$2)/(1-'3 - Giá Bán Đề Xuất'!$H$2),"") -> 1104769.2 | N19: =IF(ISNUMBER('[1]2 - Quy đổi VNĐ'!N21),('[1]2 - Quy đổi VNĐ'!N21+'3 - Giá Bán Đề Xuất'!$D$2)/(1-'3 - Giá Bán Đề Xuất'!$H$2),"") -> 1642000 | O19: =IF(ISNUMBER('[1]2 - Quy đổi VNĐ'!O21),('[1]2 - Quy đổi VNĐ'!O21+'3 - Giá Bán Đề Xuất'!$D$2)/(1-'3 - Giá Bán Đề Xuất'!$H$2),"") -> 2074769.2 | R19: 70 | S19: =IF(ISNUMBER('[1]2 - Quy đổi VNĐ'!S21),('[1]2 - Quy đổi VNĐ'!S21+'3 - Giá Bán Đề Xuất'!$D$2)/(1-'3 - Giá Bán Đề Xuất'!$H$2),"") -> 1194307.7 | T19: =IF(ISNUMBER('[1]2 - Quy đổi VNĐ'!T21),('[1]2 - Quy đổi VNĐ'!T21+'3 - Giá Bán Đề Xuất'!$D$2)/(1-'3 - Giá Bán Đề Xuất'!$H$2),"") -> 1313692.3 | U19: =IF(ISNUMBER('[1]2 - Quy đổi VNĐ'!U21),('[1]2 - Quy đổi VNĐ'!U21+'3 - Giá Bán Đề Xuất'!$D$2)/(1-'3 - Giá Bán Đề Xuất'!$H$2),"") -> 1336076.9 | V19: =IF(ISNUMBER('[1]2 - Quy đổi VNĐ'!V21),('[1]2 - Quy đổi VNĐ'!V21+'3 - Giá Bán Đề Xuất'!$D$2)/(1-'3 - Giá Bán Đề Xuất'!$H$2),"") -> 1955384.6 | W19: =IF(ISNUMBER('[1]2 - Quy đổi VNĐ'!W21),('[1]2 - Quy đổi VNĐ'!W21+'3 - Giá Bán Đề Xuất'!$D$2)/(1-'3 - Giá Bán Đề Xuất'!$H$2),"") -> 2768692.3
B20: 80 | C20: =IF(ISNUMBER('[1]2 - Quy đổi VNĐ'!C22),('[1]2 - Quy đổi VNĐ'!C22+'3 - Giá Bán Đề Xuất'!$D$2)/(1-'3 - Giá Bán Đề Xuất'!$H$2),"") -> 1328615.4 | D20: =IF(ISNUMBER('[1]2 - Quy đổi VNĐ'!D22),('[1]2 - Quy đổi VNĐ'!D22+'3 - Giá Bán Đề Xuất'!$D$2)/(1-'3 - Giá Bán Đề Xuất'!$H$2),"") -> 1418153.8 | E20: =IF(ISNUMBER('[1]2 - Quy đổi VNĐ'!E22),('[1]2 - Quy đổi VNĐ'!E22+'3 - Giá Bán Đề Xuất'!$D$2)/(1-'3 - Giá Bán Đề Xuất'!$H$2),"") -> 1500230.8 | F20: =IF(ISNUMBER('[1]2 - Quy đổi VNĐ'!F22),('[1]2 - Quy đổi VNĐ'!F22+'3 - Giá Bán Đề Xuất'!$D$2)/(1-'3 - Giá Bán Đề Xuất'!$H$2),"") -> 1873307.7 | G20: =IF(ISNUMBER('[1]2 - Quy đổi VNĐ'!G22),('[1]2 - Quy đổi VNĐ'!G22+'3 - Giá Bán Đề Xuất'!$D$2)/(1-'3 - Giá Bán Đề Xuất'!$H$2),"") -> 2186692.3 | J20: 80 | K20: =IF(ISNUMBER('[1]2 - Quy đổi VNĐ'!K22),('[1]2 - Quy đổi VNĐ'!K22+'3 - Giá Bán Đề Xuất'!$D$2)/(1-'3 - Giá Bán Đề Xuất'!$H$2),"") -> 1328615.4 | L20: =IF(ISNUMBER('[1]2 - Quy đổi VNĐ'!L22),('[1]2 - Quy đổi VNĐ'!L22+'3 - Giá Bán Đề Xuất'!$D$2)/(1-'3 - Giá Bán Đề Xuất'!$H$2),"") -> 1462923.1 | M20: =IF(ISNUMBER('[1]2 - Quy đổi VNĐ'!M22),('[1]2 - Quy đổi VNĐ'!M22+'3 - Giá Bán Đề Xuất'!$D$2)/(1-'3 - Giá Bán Đề Xuất'!$H$2),"") -> 1552461.5 | N20: =IF(ISNUMBER('[1]2 - Quy đổi VNĐ'!N22),('[1]2 - Quy đổi VNĐ'!N22+'3 - Giá Bán Đề Xuất'!$D$2)/(1-'3 - Giá Bán Đề Xuất'!$H$2),"") -> 1955384.6 | O20: =IF(ISNUMBER('[1]2 - Quy đổi VNĐ'!O22),('[1]2 - Quy đổi VNĐ'!O22+'3 - Giá Bán Đề Xuất'!$D$2)/(1-'3 - Giá Bán Đề Xuất'!$H$2),"") -> 2544846.2 | R20: 80 | S20: =IF(ISNUMBER('[1]2 - Quy đổi VNĐ'!S22),('[1]2 - Quy đổi VNĐ'!S22+'3 - Giá Bán Đề Xuất'!$D$2)/(1-'3 - Giá Bán Đề Xuất'!$H$2),"") -> 1604692.3 | T20: =IF(ISNUMBER('[1]2 - Quy đổi VNĐ'!T22),('[1]2 - Quy đổi VNĐ'!T22+'3 - Giá Bán Đề Xuất'!$D$2)/(1-'3 - Giá Bán Đề Xuất'!$H$2),"") -> 1761384.6 | U20: =IF(ISNUMBER('[1]2 - Quy đổi VNĐ'!U22),('[1]2 - Quy đổi VNĐ'!U22+'3 - Giá Bán Đề Xuất'!$D$2)/(1-'3 - Giá Bán Đề Xuất'!$H$2),"") -> 1873307.7 | V20: =IF(ISNUMBER('[1]2 - Quy đổi VNĐ'!V22),('[1]2 - Quy đổi VNĐ'!V22+'3 - Giá Bán Đề Xuất'!$D$2)/(1-'3 - Giá Bán Đề Xuất'!$H$2),"") -> 2328461.5 | W20: =IF(ISNUMBER('[1]2 - Quy đổi VNĐ'!W22),('[1]2 - Quy đổi VNĐ'!W22+'3 - Giá Bán Đề Xuất'!$D$2)/(1-'3 - Giá Bán Đề Xuất'!$H$2),"") -> 3194000
B21: 90 | C21: =IF(ISNUMBER('[1]2 - Quy đổi VNĐ'!C23),('[1]2 - Quy đổi VNĐ'!C23+'3 - Giá Bán Đề Xuất'!$D$2)/(1-'3 - Giá Bán Đề Xuất'!$H$2),"") -> 1380846.2 | D21: =IF(ISNUMBER('[1]2 - Quy đổi VNĐ'!D23),('[1]2 - Quy đổi VNĐ'!D23+'3 - Giá Bán Đề Xuất'!$D$2)/(1-'3 - Giá Bán Đề Xuất'!$H$2),"") -> 1462923.1 | E21: =IF(ISNUMBER('[1]2 - Quy đổi VNĐ'!E23),('[1]2 - Quy đổi VNĐ'!E23+'3 - Giá Bán Đề Xuất'!$D$2)/(1-'3 - Giá Bán Đề Xuất'!$H$2),"") -> 1545000 | F21: =IF(ISNUMBER('[1]2 - Quy đổi VNĐ'!F23),('[1]2 - Quy đổi VNĐ'!F23+'3 - Giá Bán Đề Xuất'!$D$2)/(1-'3 - Giá Bán Đề Xuất'!$H$2),"") -> 1895692.3 | G21: =IF(ISNUMBER('[1]2 - Quy đổi VNĐ'!G23),('[1]2 - Quy đổi VNĐ'!G23+'3 - Giá Bán Đề Xuất'!$D$2)/(1-'3 - Giá Bán Đề Xuất'!$H$2),"") -> 2418000 | J21: 90 | K21: =IF(ISNUMBER('[1]2 - Quy đổi VNĐ'!K23),('[1]2 - Quy đổi VNĐ'!K23+'3 - Giá Bán Đề Xuất'!$D$2)/(1-'3 - Giá Bán Đề Xuất'!$H$2),"") -> 1380846.2 | L21: =IF(ISNUMBER('[1]2 - Quy đổi VNĐ'!L23),('[1]2 - Quy đổi VNĐ'!L23+'3 - Giá Bán Đề Xuất'!$D$2)/(1-'3 - Giá Bán Đề Xuất'!$H$2),"") -> 1515153.8 | M21: =IF(ISNUMBER('[1]2 - Quy đổi VNĐ'!M23),('[1]2 - Quy đổi VNĐ'!M23+'3 - Giá Bán Đề Xuất'!$D$2)/(1-'3 - Giá Bán Đề Xuất'!$H$2),"") -> 1589769.2 | N21: =IF(ISNUMBER('[1]2 - Quy đổi VNĐ'!N23),('[1]2 - Quy đổi VNĐ'!N23+'3 - Giá Bán Đề Xuất'!$D$2)/(1-'3 - Giá Bán Đề Xuất'!$H$2),"") -> 1947923.1 | O21: =IF(ISNUMBER('[1]2 - Quy đổi VNĐ'!O23),('[1]2 - Quy đổi VNĐ'!O23+'3 - Giá Bán Đề Xuất'!$D$2)/(1-'3 - Giá Bán Đề Xuất'!$H$2),"") -> 2828384.6 | R21: 90 | S21: =IF(ISNUMBER('[1]2 - Quy đổi VNĐ'!S23),('[1]2 - Quy đổi VNĐ'!S23+'3 - Giá Bán Đề Xuất'!$D$2)/(1-'3 - Giá Bán Đề Xuất'!$H$2),"") -> 1694230.8 | T21: =IF(ISNUMBER('[1]2 - Quy đổi VNĐ'!T23),('[1]2 - Quy đổi VNĐ'!T23+'3 - Giá Bán Đề Xuất'!$D$2)/(1-'3 - Giá Bán Đề Xuất'!$H$2),"") -> 1865846.2 | U21: =IF(ISNUMBER('[1]2 - Quy đổi VNĐ'!U23),('[1]2 - Quy đổi VNĐ'!U23+'3 - Giá Bán Đề Xuất'!$D$2)/(1-'3 - Giá Bán Đề Xuất'!$H$2),"") -> 1910615.4 | V21: =IF(ISNUMBER('[1]2 - Quy đổi VNĐ'!V23),('[1]2 - Quy đổi VNĐ'!V23+'3 - Giá Bán Đề Xuất'!$D$2)/(1-'3 - Giá Bán Đề Xuất'!$H$2),"") -> 2365769.2 | W21: =IF(ISNUMBER('[1]2 - Quy đổi VNĐ'!W23),('[1]2 - Quy đổi VNĐ'!W23+'3 - Giá Bán Đề Xuất'!$D$2)/(1-'3 - Giá Bán Đề Xuất'!$H$2),"") -> 3455153.8
B22: 100 | C22: =IF(ISNUMBER('[1]2 - Quy đổi VNĐ'!C24),('[1]2 - Quy đổi VNĐ'!C24+'3 - Giá Bán Đề Xuất'!$D$2)/(1-'3 - Giá Bán Đề Xuất'!$H$2),"") | D22: =IF(ISNUMBER('[1]2 - Quy đổi VNĐ'!D24),('[1]2 - Quy đổi VNĐ'!D24+'3 - Giá Bán Đề Xuất'!$D$2)/(1-'3 - Giá Bán Đề Xuất'!$H$2),"") | E22: =IF(ISNUMBER('[1]2 - Quy đổi VNĐ'!E24),('[1]2 - Quy đổi VNĐ'!E24+'3 - Giá Bán Đề Xuất'!$D$2)/(1-'3 - Giá Bán Đề Xuất'!$H$2),"") | F22: =IF(ISNUMBER('[1]2 - Quy đổi VNĐ'!F24),('[1]2 - Quy đổi VNĐ'!F24+'3 - Giá Bán Đề Xuất'!$D$2)/(1-'3 - Giá Bán Đề Xuất'!$H$2),"") | G22: =IF(ISNUMBER('[1]2 - Quy đổi VNĐ'!G24),('[1]2 - Quy đổi VNĐ'!G24+'3 - Giá Bán Đề Xuất'!$D$2)/(1-'3 - Giá Bán Đề Xuất'!$H$2),"") | J22: 100 | K22: =IF(ISNUMBER('[1]2 - Quy đổi VNĐ'!K24),('[1]2 - Quy đổi VNĐ'!K24+'3 - Giá Bán Đề Xuất'!$D$2)/(1-'3 - Giá Bán Đề Xuất'!$H$2),"") | L22: =IF(ISNUMBER('[1]2 - Quy đổi VNĐ'!L24),('[1]2 - Quy đổi VNĐ'!L24+'3 - Giá Bán Đề Xuất'!$D$2)/(1-'3 - Giá Bán Đề Xuất'!$H$2),"") | M22: =IF(ISNUMBER('[1]2 - Quy đổi VNĐ'!M24),('[1]2 - Quy đổi VNĐ'!M24+'3 - Giá Bán Đề Xuất'!$D$2)/(1-'3 - Giá Bán Đề Xuất'!$H$2),"") | N22: =IF(ISNUMBER('[1]2 - Quy đổi VNĐ'!N24),('[1]2 - Quy đổi VNĐ'!N24+'3 - Giá Bán Đề Xuất'!$D$2)/(1-'3 - Giá Bán Đề Xuất'!$H$2),"") | O22: =IF(ISNUMBER('[1]2 - Quy đổi VNĐ'!O24),('[1]2 - Quy đổi VNĐ'!O24+'3 - Giá Bán Đề Xuất'!$D$2)/(1-'3 - Giá Bán Đề Xuất'!$H$2),"") | R22: 100 | S22: =IF(ISNUMBER('[1]2 - Quy đổi VNĐ'!S24),('[1]2 - Quy đổi VNĐ'!S24+'3 - Giá Bán Đề Xuất'!$D$2)/(1-'3 - Giá Bán Đề Xuất'!$H$2),"") | T22: =IF(ISNUMBER('[1]2 - Quy đổi VNĐ'!T24),('[1]2 - Quy đổi VNĐ'!T24+'3 - Giá Bán Đề Xuất'!$D$2)/(1-'3 - Giá Bán Đề Xuất'!$H$2),"") | U22: =IF(ISNUMBER('[1]2 - Quy đổi VNĐ'!U24),('[1]2 - Quy đổi VNĐ'!U24+'3 - Giá Bán Đề Xuất'!$D$2)/(1-'3 - Giá Bán Đề Xuất'!$H$2),"") | V22: =IF(ISNUMBER('[1]2 - Quy đổi VNĐ'!V24),('[1]2 - Quy đổi VNĐ'!V24+'3 - Giá Bán Đề Xuất'!$D$2)/(1-'3 - Giá Bán Đề Xuất'!$H$2),"") | W22: =IF(ISNUMBER('[1]2 - Quy đổi VNĐ'!W24),('[1]2 - Quy đổi VNĐ'!W24+'3 - Giá Bán Đề Xuất'!$D$2)/(1-'3 - Giá Bán Đề Xuất'!$H$2),"")
A25: CAO 170 CM | I25: CAO 190 CM | Q25: CAO 210 CM
B26: Dài | C26: Sâu 30 | D26: Sâu 35 | E26: Sâu 40 | F26: Sâu 45 | G26: Sâu 50 | J26: Dài | K26: Sâu 30 | L26: Sâu 35 | M26: Sâu 40 | N26: Sâu 45 | O26: Sâu 50 | R26: Dài | S26: Sâu 30 | T26: Sâu 35 | U26: Sâu 40 | V26: Sâu 45 | W26: Sâu 50
B27: 40 | C27: =IF(ISNUMBER('[1]2 - Quy đổi VNĐ'!C29),('[1]2 - Quy đổi VNĐ'!C29+'3 - Giá Bán Đề Xuất'!$D$2)/(1-'3 - Giá Bán Đề Xuất'!$H$2),"") -> 1045076.9 | D27: =IF(ISNUMBER('[1]2 - Quy đổi VNĐ'!D29),('[1]2 - Quy đổi VNĐ'!D29+'3 - Giá Bán Đề Xuất'!$D$2)/(1-'3 - Giá Bán Đề Xuất'!$H$2),"") -> 1149538.5 | E27: =IF(ISNUMBER('[1]2 - Quy đổi VNĐ'!E29),('[1]2 - Quy đổi VNĐ'!E29+'3 - Giá Bán Đề Xuất'!$D$2)/(1-'3 - Giá Bán Đề Xuất'!$H$2),"") -> 1112230.8 | F27: =IF(ISNUMBER('[1]2 - Quy đổi VNĐ'!F29),('[1]2 - Quy đổi VNĐ'!F29+'3 - Giá Bán Đề Xuất'!$D$2)/(1-'3 - Giá Bán Đề Xuất'!$H$2),"") -> 1865846.2 | G27: =IF(ISNUMBER('[1]2 - Quy đổi VNĐ'!G29),('[1]2 - Quy đổi VNĐ'!G29+'3 - Giá Bán Đề Xuất'!$D$2)/(1-'3 - Giá Bán Đề Xuất'!$H$2),"") -> 2149384.6 | J27: 40 | K27: =IF(ISNUMBER('[1]2 - Quy đổi VNĐ'!K29),('[1]2 - Quy đổi VNĐ'!K29+'3 - Giá Bán Đề Xuất'!$D$2)/(1-'3 - Giá Bán Đề Xuất'!$H$2),"") -> 1119692.3 | L27: =IF(ISNUMBER('[1]2 - Quy đổi VNĐ'!L29),('[1]2 - Quy đổi VNĐ'!L29+'3 - Giá Bán Đề Xuất'!$D$2)/(1-'3 - Giá Bán Đề Xuất'!$H$2),"") -> 1231615.4 | M27: =IF(ISNUMBER('[1]2 - Quy đổi VNĐ'!M29),('[1]2 - Quy đổi VNĐ'!M29+'3 - Giá Bán Đề Xuất'!$D$2)/(1-'3 - Giá Bán Đề Xuất'!$H$2),"") -> 1283846.2 | N27: =IF(ISNUMBER('[1]2 - Quy đổi VNĐ'!N29),('[1]2 - Quy đổi VNĐ'!N29+'3 - Giá Bán Đề Xuất'!$D$2)/(1-'3 - Giá Bán Đề Xuất'!$H$2),"") -> 2164307.7 | O27: =IF(ISNUMBER('[1]2 - Quy đổi VNĐ'!O29),('[1]2 - Quy đổi VNĐ'!O29+'3 - Giá Bán Đề Xuất'!$D$2)/(1-'3 - Giá Bán Đề Xuất'!$H$2),"") -> 2567230.8 | R27: 40 | S27: =IF(ISNUMBER('[1]2 - Quy đổi VNĐ'!S29),('[1]2 - Quy đổi VNĐ'!S29+'3 - Giá Bán Đề Xuất'!$D$2)/(1-'3 - Giá Bán Đề Xuất'!$H$2),"") | T27: =IF(ISNUMBER('[1]2 - Quy đổi VNĐ'!T29),('[1]2 - Quy đổi VNĐ'!T29+'3 - Giá Bán Đề Xuất'!$D$2)/(1-'3 - Giá Bán Đề Xuất'!$H$2),"") | U27: =IF(ISNUMBER('[1]2 - Quy đổi VNĐ'!U29),('[1]2 - Quy đổi VNĐ'!U29+'3 - Giá Bán Đề Xuất'!$D$2)/(1-'3 - Giá Bán Đề Xuất'!$H$2),"") | V27: =IF(ISNUMBER('[1]2 - Quy đổi VNĐ'!V29),('[1]2 - Quy đổi VNĐ'!V29+'3 - Giá Bán Đề Xuất'!$D$2)/(1-'3 - Giá Bán Đề Xuất'!$H$2),"") | W27: =IF(ISNUMBER('[1]2 - Quy đổi VNĐ'!W29),('[1]2 - Quy đổi VNĐ'!W29+'3 - Giá Bán Đề Xuất'!$D$2)/(1-'3 - Giá Bán Đề Xuất'!$H$2),"")
B28: 50 | C28: =IF(ISNUMBER('[1]2 - Quy đổi VNĐ'!C30),('[1]2 - Quy đổi VNĐ'!C30+'3 - Giá Bán Đề Xuất'!$D$2)/(1-'3 - Giá Bán Đề Xuất'!$H$2),"") -> 1097307.7 | D28: =IF(ISNUMBER('[1]2 - Quy đổi VNĐ'!D30),('[1]2 - Quy đổi VNĐ'!D30+'3 - Giá Bán Đề Xuất'!$D$2)/(1-'3 - Giá Bán Đề Xuất'!$H$2),"") -> 1209230.8 | E28: =IF(ISNUMBER('[1]2 - Quy đổi VNĐ'!E30),('[1]2 - Quy đổi VNĐ'!E30+'3 - Giá Bán Đề Xuất'!$D$2)/(1-'3 - Giá Bán Đề Xuất'!$H$2),"") -> 1209230.8 | F28: =IF(ISNUMBER('[1]2 - Quy đổi VNĐ'!F30),('[1]2 - Quy đổi VNĐ'!F30+'3 - Giá Bán Đề Xuất'!$D$2)/(1-'3 - Giá Bán Đề Xuất'!$H$2),"") -> 1895692.3 | G28: =IF(ISNUMBER('[1]2 - Quy đổi VNĐ'!G30),('[1]2 - Quy đổi VNĐ'!G30+'3 - Giá Bán Đề Xuất'!$D$2)/(1-'3 - Giá Bán Đề Xuất'!$H$2),"") -> 2186692.3 | J28: 50 | K28: =IF(ISNUMBER('[1]2 - Quy đổi VNĐ'!K30),('[1]2 - Quy đổi VNĐ'!K30+'3 - Giá Bán Đề Xuất'!$D$2)/(1-'3 - Giá Bán Đề Xuất'!$H$2),"") -> 1209230.8 | L28: =IF(ISNUMBER('[1]2 - Quy đổi VNĐ'!L30),('[1]2 - Quy đổi VNĐ'!L30+'3 - Giá Bán Đề Xuất'!$D$2)/(1-'3 - Giá Bán Đề Xuất'!$H$2),"") -> 1328615.4 | M28: =IF(ISNUMBER('[1]2 - Quy đổi VNĐ'!M30),('[1]2 - Quy đổi VNĐ'!M30+'3 - Giá Bán Đề Xuất'!$D$2)/(1-'3 - Giá Bán Đề Xuất'!$H$2),"") -> 1365923.1 | N28: =IF(ISNUMBER('[1]2 - Quy đổi VNĐ'!N30),('[1]2 - Quy đổi VNĐ'!N30+'3 - Giá Bán Đề Xuất'!$D$2)/(1-'3 - Giá Bán Đề Xuất'!$H$2),"") -> 2171769.2 | O28: =IF(ISNUMBER('[1]2 - Quy đổi VNĐ'!O30),('[1]2 - Quy đổi VNĐ'!O30+'3 - Giá Bán Đề Xuất'!$D$2)/(1-'3 - Giá Bán Đề Xuất'!$H$2),"") -> 2604538.5 | R28: 50 | S28: =IF(ISNUMBER('[1]2 - Quy đổi VNĐ'!S30),('[1]2 - Quy đổi VNĐ'!S30+'3 - Giá Bán Đề Xuất'!$D$2)/(1-'3 - Giá Bán Đề Xuất'!$H$2),"") | T28: =IF(ISNUMBER('[1]2 - Quy đổi VNĐ'!T30),('[1]2 - Quy đổi VNĐ'!T30+'3 - Giá Bán Đề Xuất'!$D$2)/(1-'3 - Giá Bán Đề Xuất'!$H$2),"") | U28: =IF(ISNUMBER('[1]2 - Quy đổi VNĐ'!U30),('[1]2 - Quy đổi VNĐ'!U30+'3 - Giá Bán Đề Xuất'!$D$2)/(1-'3 - Giá Bán Đề Xuất'!$H$2),"") | V28: =IF(ISNUMBER('[1]2 - Quy đổi VNĐ'!V30),('[1]2 - Quy đổi VNĐ'!V30+'3 - Giá Bán Đề Xuất'!$D$2)/(1-'3 - Giá Bán Đề Xuất'!$H$2),"") | W28: =IF(ISNUMBER('[1]2 - Quy đổi VNĐ'!W30),('[1]2 - Quy đổi VNĐ'!W30+'3 - Giá Bán Đề Xuất'!$D$2)/(1-'3 - Giá Bán Đề Xuất'!$H$2),"")
B29: 60 | C29: =IF(ISNUMBER('[1]2 - Quy đổi VNĐ'!C31),('[1]2 - Quy đổi VNĐ'!C31+'3 - Giá Bán Đề Xuất'!$D$2)/(1-'3 - Giá Bán Đề Xuất'!$H$2),"") -> 1142076.9 | D29: =IF(ISNUMBER('[1]2 - Quy đổi VNĐ'!D31),('[1]2 - Quy đổi VNĐ'!D31+'3 - Giá Bán Đề Xuất'!$D$2)/(1-'3 - Giá Bán Đề Xuất'!$H$2),"") -> 1254000 | E29: =IF(ISNUMBER('[1]2 - Quy đổi VNĐ'!E31),('[1]2 - Quy đổi VNĐ'!E31+'3 - Giá Bán Đề Xuất'!$D$2)/(1-'3 - Giá Bán Đề Xuất'!$H$2),"") -> 1328615.4 | F29: =IF(ISNUMBER('[1]2 - Quy đổi VNĐ'!F31),('[1]2 - Quy đổi VNĐ'!F31+'3 - Giá Bán Đề Xuất'!$D$2)/(1-'3 - Giá Bán Đề Xuất'!$H$2),"") -> 2089692.3 | G29: =IF(ISNUMBER('[1]2 - Quy đổi VNĐ'!G31),('[1]2 - Quy đổi VNĐ'!G31+'3 - Giá Bán Đề Xuất'!$D$2)/(1-'3 - Giá Bán Đề Xuất'!$H$2),"") -> 2380692.3 | J29: 60 | K29: =IF(ISNUMBER('[1]2 - Quy đổi VNĐ'!K31),('[1]2 - Quy đổi VNĐ'!K31+'3 - Giá Bán Đề Xuất'!$D$2)/(1-'3 - Giá Bán Đề Xuất'!$H$2),"") -> 1283846.2 | L29: =IF(ISNUMBER('[1]2 - Quy đổi VNĐ'!L31),('[1]2 - Quy đổi VNĐ'!L31+'3 - Giá Bán Đề Xuất'!$D$2)/(1-'3 - Giá Bán Đề Xuất'!$H$2),"") -> 1410692.3 | M29: =IF(ISNUMBER('[1]2 - Quy đổi VNĐ'!M31),('[1]2 - Quy đổi VNĐ'!M31+'3 - Giá Bán Đề Xuất'!$D$2)/(1-'3 - Giá Bán Đề Xuất'!$H$2),"") -> 1537538.5 | N29: =IF(ISNUMBER('[1]2 - Quy đổi VNĐ'!N31),('[1]2 - Quy đổi VNĐ'!N31+'3 - Giá Bán Đề Xuất'!$D$2)/(1-'3 - Giá Bán Đề Xuất'!$H$2),"") -> 2380692.3 | O29: =IF(ISNUMBER('[1]2 - Quy đổi VNĐ'!O31),('[1]2 - Quy đổi VNĐ'!O31+'3 - Giá Bán Đề Xuất'!$D$2)/(1-'3 - Giá Bán Đề Xuất'!$H$2),"") -> 2828384.6 | R29: 60 | S29: =IF(ISNUMBER('[1]2 - Quy đổi VNĐ'!S31),('[1]2 - Quy đổi VNĐ'!S31+'3 - Giá Bán Đề Xuất'!$D$2)/(1-'3 - Giá Bán Đề Xuất'!$H$2),"") | T29: =IF(ISNUMBER('[1]2 - Quy đổi VNĐ'!T31),('[1]2 - Quy đổi VNĐ'!T31+'3 - Giá Bán Đề Xuất'!$D$2)/(1-'3 - Giá Bán Đề Xuất'!$H$2),"") | U29: =IF(ISNUMBER('[1]2 - Quy đổi VNĐ'!U31),('[1]2 - Quy đổi VNĐ'!U31+'3 - Giá Bán Đề Xuất'!$D$2)/(1-'3 - Giá Bán Đề Xuất'!$H$2),"") | V29: =IF(ISNUMBER('[1]2 - Quy đổi VNĐ'!V31),('[1]2 - Quy đổi VNĐ'!V31+'3 - Giá Bán Đề Xuất'!$D$2)/(1-'3 - Giá Bán Đề Xuất'!$H$2),"") | W29: =IF(ISNUMBER('[1]2 - Quy đổi VNĐ'!W31),('[1]2 - Quy đổi VNĐ'!W31+'3 - Giá Bán Đề Xuất'!$D$2)/(1-'3 - Giá Bán Đề Xuất'!$H$2),"")
B30: 70 | C30: =IF(ISNUMBER('[1]2 - Quy đổi VNĐ'!C32),('[1]2 - Quy đổi VNĐ'!C32+'3 - Giá Bán Đề Xuất'!$D$2)/(1-'3 - Giá Bán Đề Xuất'!$H$2),"") -> 1224153.8 | D30: =IF(ISNUMBER('[1]2 - Quy đổi VNĐ'!D32),('[1]2 - Quy đổi VNĐ'!D32+'3 - Giá Bán Đề Xuất'!$D$2)/(1-'3 - Giá Bán Đề Xuất'!$H$2),"") -> 1343538.5 | E30: =IF(ISNUMBER('[1]2 - Quy đổi VNĐ'!E32),('[1]2 - Quy đổi VNĐ'!E32+'3 - Giá Bán Đề Xuất'!$D$2)/(1-'3 - Giá Bán Đề Xuất'!$H$2),"") -> 1395769.2 | F30: =IF(ISNUMBER('[1]2 - Quy đổi VNĐ'!F32),('[1]2 - Quy đổi VNĐ'!F32+'3 - Giá Bán Đề Xuất'!$D$2)/(1-'3 - Giá Bán Đề Xuất'!$H$2),"") -> 2104615.4 | G30: =IF(ISNUMBER('[1]2 - Quy đổi VNĐ'!G32),('[1]2 - Quy đổi VNĐ'!G32+'3 - Giá Bán Đề Xuất'!$D$2)/(1-'3 - Giá Bán Đề Xuất'!$H$2),"") -> 2589615.4 | J30: 70 | K30: =IF(ISNUMBER('[1]2 - Quy đổi VNĐ'!K32),('[1]2 - Quy đổi VNĐ'!K32+'3 - Giá Bán Đề Xuất'!$D$2)/(1-'3 - Giá Bán Đề Xuất'!$H$2),"") -> 1373384.6 | L30: =IF(ISNUMBER('[1]2 - Quy đổi VNĐ'!L32),('[1]2 - Quy đổi VNĐ'!L32+'3 - Giá Bán Đề Xuất'!$D$2)/(1-'3 - Giá Bán Đề Xuất'!$H$2),"") -> 1507692.3 | M30: =IF(ISNUMBER('[1]2 - Quy đổi VNĐ'!M32),('[1]2 - Quy đổi VNĐ'!M32+'3 - Giá Bán Đề Xuất'!$D$2)/(1-'3 - Giá Bán Đề Xuất'!$H$2),"") -> 1597230.8 | N30: =IF(ISNUMBER('[1]2 - Quy đổi VNĐ'!N32),('[1]2 - Quy đổi VNĐ'!N32+'3 - Giá Bán Đề Xuất'!$D$2)/(1-'3 - Giá Bán Đề Xuất'!$H$2),"") -> 2418000 | O30: =IF(ISNUMBER('[1]2 - Quy đổi VNĐ'!O32),('[1]2 - Quy đổi VNĐ'!O32+'3 - Giá Bán Đề Xuất'!$D$2)/(1-'3 - Giá Bán Đề Xuất'!$H$2),"") -> 2962692.3 | R30: 70 | S30: =IF(ISNUMBER('[1]2 - Quy đổi VNĐ'!S32),('[1]2 - Quy đổi VNĐ'!S32+'3 - Giá Bán Đề Xuất'!$D$2)/(1-'3 - Giá Bán Đề Xuất'!$H$2),"") | T30: =IF(ISNUMBER('[1]2 - Quy đổi VNĐ'!T32),('[1]2 - Quy đổi VNĐ'!T32+'3 - Giá Bán Đề Xuất'!$D$2)/(1-'3 - Giá Bán Đề Xuất'!$H$2),"") | U30: =IF(ISNUMBER('[1]2 - Quy đổi VNĐ'!U32),('[1]2 - Quy đổi VNĐ'!U32+'3 - Giá Bán Đề Xuất'!$D$2)/(1-'3 - Giá Bán Đề Xuất'!$H$2),"") | V30: =IF(ISNUMBER('[1]2 - Quy đổi VNĐ'!V32),('[1]2 - Quy đổi VNĐ'!V32+'3 - Giá Bán Đề Xuất'!$D$2)/(1-'3 - Giá Bán Đề Xuất'!$H$2),"") | W30: =IF(ISNUMBER('[1]2 - Quy đổi VNĐ'!W32),('[1]2 - Quy đổi VNĐ'!W32+'3 - Giá Bán Đề Xuất'!$D$2)/(1-'3 - Giá Bán Đề Xuất'!$H$2),"")
B31: 80 | C31: =IF(ISNUMBER('[1]2 - Quy đổi VNĐ'!C33),('[1]2 - Quy đổi VNĐ'!C33+'3 - Giá Bán Đề Xuất'!$D$2)/(1-'3 - Giá Bán Đề Xuất'!$H$2),"") -> 1604692.3 | D31: =IF(ISNUMBER('[1]2 - Quy đổi VNĐ'!D33),('[1]2 - Quy đổi VNĐ'!D33+'3 - Giá Bán Đề Xuất'!$D$2)/(1-'3 - Giá Bán Đề Xuất'!$H$2),"") -> 1761384.6 | E31: =IF(ISNUMBER('[1]2 - Quy đổi VNĐ'!E33),('[1]2 - Quy đổi VNĐ'!E33+'3 - Giá Bán Đề Xuất'!$D$2)/(1-'3 - Giá Bán Đề Xuất'!$H$2),"") -> 1843461.5 | F31: =IF(ISNUMBER('[1]2 - Quy đổi VNĐ'!F33),('[1]2 - Quy đổi VNĐ'!F33+'3 - Giá Bán Đề Xuất'!$D$2)/(1-'3 - Giá Bán Đề Xuất'!$H$2),"") -> 2492615.4 | G31: =IF(ISNUMBER('[1]2 - Quy đổi VNĐ'!G33),('[1]2 - Quy đổi VNĐ'!G33+'3 - Giá Bán Đề Xuất'!$D$2)/(1-'3 - Giá Bán Đề Xuất'!$H$2),"") -> 3014923.1 | J31: 80 | K31: =IF(ISNUMBER('[1]2 - Quy đổi VNĐ'!K33),('[1]2 - Quy đổi VNĐ'!K33+'3 - Giá Bán Đề Xuất'!$D$2)/(1-'3 - Giá Bán Đề Xuất'!$H$2),"") -> 1821076.9 | L31: =IF(ISNUMBER('[1]2 - Quy đổi VNĐ'!L33),('[1]2 - Quy đổi VNĐ'!L33+'3 - Giá Bán Đề Xuất'!$D$2)/(1-'3 - Giá Bán Đề Xuất'!$H$2),"") -> 2000153.8 | M31: =IF(ISNUMBER('[1]2 - Quy đổi VNĐ'!M33),('[1]2 - Quy đổi VNĐ'!M33+'3 - Giá Bán Đề Xuất'!$D$2)/(1-'3 - Giá Bán Đề Xuất'!$H$2),"") -> 2149384.6 | N31: =IF(ISNUMBER('[1]2 - Quy đổi VNĐ'!N33),('[1]2 - Quy đổi VNĐ'!N33+'3 - Giá Bán Đề Xuất'!$D$2)/(1-'3 - Giá Bán Đề Xuất'!$H$2),"") -> 2865692.3 | O31: =IF(ISNUMBER('[1]2 - Quy đổi VNĐ'!O33),('[1]2 - Quy đổi VNĐ'!O33+'3 - Giá Bán Đề Xuất'!$D$2)/(1-'3 - Giá Bán Đề Xuất'!$H$2),"") -> 3380538.5 | R31: 80 | S31: =IF(ISNUMBER('[1]2 - Quy đổi VNĐ'!S33),('[1]2 - Quy đổi VNĐ'!S33+'3 - Giá Bán Đề Xuất'!$D$2)/(1-'3 - Giá Bán Đề Xuất'!$H$2),"") | T31: =IF(ISNUMBER('[1]2 - Quy đổi VNĐ'!T33),('[1]2 - Quy đổi VNĐ'!T33+'3 - Giá Bán Đề Xuất'!$D$2)/(1-'3 - Giá Bán Đề Xuất'!$H$2),"") | U31: =IF(ISNUMBER('[1]2 - Quy đổi VNĐ'!U33),('[1]2 - Quy đổi VNĐ'!U33+'3 - Giá Bán Đề Xuất'!$D$2)/(1-'3 - Giá Bán Đề Xuất'!$H$2),"") | V31: =IF(ISNUMBER('[1]2 - Quy đổi VNĐ'!V33),('[1]2 - Quy đổi VNĐ'!V33+'3 - Giá Bán Đề Xuất'!$D$2)/(1-'3 - Giá Bán Đề Xuất'!$H$2),"") | W31: =IF(ISNUMBER('[1]2 - Quy đổi VNĐ'!W33),('[1]2 - Quy đổi VNĐ'!W33+'3 - Giá Bán Đề Xuất'!$D$2)/(1-'3 - Giá Bán Đề Xuất'!$H$2),"")
B32: 90 | C32: =IF(ISNUMBER('[1]2 - Quy đổi VNĐ'!C34),('[1]2 - Quy đổi VNĐ'!C34+'3 - Giá Bán Đề Xuất'!$D$2)/(1-'3 - Giá Bán Đề Xuất'!$H$2),"") -> 1664384.6 | D32: =IF(ISNUMBER('[1]2 - Quy đổi VNĐ'!D34),('[1]2 - Quy đổi VNĐ'!D34+'3 - Giá Bán Đề Xuất'!$D$2)/(1-'3 - Giá Bán Đề Xuất'!$H$2),"") -> 1828538.5 | E32: =IF(ISNUMBER('[1]2 - Quy đổi VNĐ'!E34),('[1]2 - Quy đổi VNĐ'!E34+'3 - Giá Bán Đề Xuất'!$D$2)/(1-'3 - Giá Bán Đề Xuất'!$H$2),"") -> 1880769.2 | F32: =IF(ISNUMBER('[1]2 - Quy đổi VNĐ'!F34),('[1]2 - Quy đổi VNĐ'!F34+'3 - Giá Bán Đề Xuất'!$D$2)/(1-'3 - Giá Bán Đề Xuất'!$H$2),"") -> 2522461.5 | G32: =IF(ISNUMBER('[1]2 - Quy đổi VNĐ'!G34),('[1]2 - Quy đổi VNĐ'!G34+'3 - Giá Bán Đề Xuất'!$D$2)/(1-'3 - Giá Bán Đề Xuất'!$H$2),"") -> 3283538.5 | J32: 90 | K32: =IF(ISNUMBER('[1]2 - Quy đổi VNĐ'!K34),('[1]2 - Quy đổi VNĐ'!K34+'3 - Giá Bán Đề Xuất'!$D$2)/(1-'3 - Giá Bán Đề Xuất'!$H$2),"") -> 1910615.4 | L32: =IF(ISNUMBER('[1]2 - Quy đổi VNĐ'!L34),('[1]2 - Quy đổi VNĐ'!L34+'3 - Giá Bán Đề Xuất'!$D$2)/(1-'3 - Giá Bán Đề Xuất'!$H$2),"") -> 2097153.8 | M32: =IF(ISNUMBER('[1]2 - Quy đổi VNĐ'!M34),('[1]2 - Quy đổi VNĐ'!M34+'3 - Giá Bán Đề Xuất'!$D$2)/(1-'3 - Giá Bán Đề Xuất'!$H$2),"") -> 2201615.4 | N32: =IF(ISNUMBER('[1]2 - Quy đổi VNĐ'!N34),('[1]2 - Quy đổi VNĐ'!N34+'3 - Giá Bán Đề Xuất'!$D$2)/(1-'3 - Giá Bán Đề Xuất'!$H$2),"") -> 2895538.5 | O32: =IF(ISNUMBER('[1]2 - Quy đổi VNĐ'!O34),('[1]2 - Quy đổi VNĐ'!O34+'3 - Giá Bán Đề Xuất'!$D$2)/(1-'3 - Giá Bán Đề Xuất'!$H$2),"") -> 3693923.1 | R32: 90 | S32: =IF(ISNUMBER('[1]2 - Quy đổi VNĐ'!S34),('[1]2 - Quy đổi VNĐ'!S34+'3 - Giá Bán Đề Xuất'!$D$2)/(1-'3 - Giá Bán Đề Xuất'!$H$2),"") | T32: =IF(ISNUMBER('[1]2 - Quy đổi VNĐ'!T34),('[1]2 - Quy đổi VNĐ'!T34+'3 - Giá Bán Đề Xuất'!$D$2)/(1-'3 - Giá Bán Đề Xuất'!$H$2),"") | U32: =IF(ISNUMBER('[1]2 - Quy đổi VNĐ'!U34),('[1]2 - Quy đổi VNĐ'!U34+'3 - Giá Bán Đề Xuất'!$D$2)/(1-'3 - Giá Bán Đề Xuất'!$H$2),"") | V32: =IF(ISNUMBER('[1]2 - Quy đổi VNĐ'!V34),('[1]2 - Quy đổi VNĐ'!V34+'3 - Giá Bán Đề Xuất'!$D$2)/(1-'3 - Giá Bán Đề Xuất'!$H$2),"") | W32: =IF(ISNUMBER('[1]2 - Quy đổi VNĐ'!W34),('[1]2 - Quy đổi VNĐ'!W34+'3 - Giá Bán Đề Xuất'!$D$2)/(1-'3 - Giá Bán Đề Xuất'!$H$2),"")
B33: 100 | C33: =IF(ISNUMBER('[1]2 - Quy đổi VNĐ'!C35),('[1]2 - Quy đổi VNĐ'!C35+'3 - Giá Bán Đề Xuất'!$D$2)/(1-'3 - Giá Bán Đề Xuất'!$H$2),"") | D33: =IF(ISNUMBER('[1]2 - Quy đổi VNĐ'!D35),('[1]2 - Quy đổi VNĐ'!D35+'3 - Giá Bán Đề Xuất'!$D$2)/(1-'3 - Giá Bán Đề Xuất'!$H$2),"") | E33: =IF(ISNUMBER('[1]2 - Quy đổi VNĐ'!E35),('[1]2 - Quy đổi VNĐ'!E35+'3 - Giá Bán Đề Xuất'!$D$2)/(1-'3 - Giá Bán Đề Xuất'!$H$2),"") | F33: =IF(ISNUMBER('[1]2 - Quy đổi VNĐ'!F35),('[1]2 - Quy đổi VNĐ'!F35+'3 - Giá Bán Đề Xuất'!$D$2)/(1-'3 - Giá Bán Đề Xuất'!$H$2),"") | G33: =IF(ISNUMBER('[1]2 - Quy đổi VNĐ'!G35),('[1]2 - Quy đổi VNĐ'!G35+'3 - Giá Bán Đề Xuất'!$D$2)/(1-'3 - Giá Bán Đề Xuất'!$H$2),"") | J33: 100 | K33: =IF(ISNUMBER('[1]2 - Quy đổi VNĐ'!K35),('[1]2 - Quy đổi VNĐ'!K35+'3 - Giá Bán Đề Xuất'!$D$2)/(1-'3 - Giá Bán Đề Xuất'!$H$2),"") | L33: =IF(ISNUMBER('[1]2 - Quy đổi VNĐ'!L35),('[1]2 - Quy đổi VNĐ'!L35+'3 - Giá Bán Đề Xuất'!$D$2)/(1-'3 - Giá Bán Đề Xuất'!$H$2),"") | M33: =IF(ISNUMBER('[1]2 - Quy đổi VNĐ'!M35),('[1]2 - Quy đổi VNĐ'!M35+'3 - Giá Bán Đề Xuất'!$D$2)/(1-'3 - Giá Bán Đề Xuất'!$H$2),"") | N33: =IF(ISNUMBER('[1]2 - Quy đổi VNĐ'!N35),('[1]2 - Quy đổi VNĐ'!N35+'3 - Giá Bán Đề Xuất'!$D$2)/(1-'3 - Giá Bán Đề Xuất'!$H$2),"") | O33: =IF(ISNUMBER('[1]2 - Quy đổi VNĐ'!O35),('[1]2 - Quy đổi VNĐ'!O35+'3 - Giá Bán Đề Xuất'!$D$2)/(1-'3 - Giá Bán Đề Xuất'!$H$2),"") | R33: 100 | S33: =IF(ISNUMBER('[1]2 - Quy đổi VNĐ'!S35),('[1]2 - Quy đổi VNĐ'!S35+'3 - Giá Bán Đề Xuất'!$D$2)/(1-'3 - Giá Bán Đề Xuất'!$H$2),"") | T33: =IF(ISNUMBER('[1]2 - Quy đổi VNĐ'!T35),('[1]2 - Quy đổi VNĐ'!T35+'3 - Giá Bán Đề Xuất'!$D$2)/(1-'3 - Giá Bán Đề Xuất'!$H$2),"") | U33: =IF(ISNUMBER('[1]2 - Quy đổi VNĐ'!U35),('[1]2 - Quy đổi VNĐ'!U35+'3 - Giá Bán Đề Xuất'!$D$2)/(1-'3 - Giá Bán Đề Xuất'!$H$2),"") | V33: =IF(ISNUMBER('[1]2 - Quy đổi VNĐ'!V35),('[1]2 - Quy đổi VNĐ'!V35+'3 - Giá Bán Đề Xuất'!$D$2)/(1-'3 - Giá Bán Đề Xuất'!$H$2),"") | W33: =IF(ISNUMBER('[1]2 - Quy đổi VNĐ'!W35),('[1]2 - Quy đổi VNĐ'!W35+'3 - Giá Bán Đề Xuất'!$D$2)/(1-'3 - Giá Bán Đề Xuất'!$H$2),"")
